{
  "Logistic Regression": {
    "Accuracy": 0.8469698978915263,
    "Precision": 0.7379855167873601,
    "Recall": 0.597229621736814,
    "F1": 0.660188457008245,
    "MCC": 0.5680979016101028,
    "AUC": 0.902473331647749
  },
  "Decision Tree": {
    "Accuracy": 0.8150112717146267,
    "Precision": 0.6301295896328294,
    "Recall": 0.6217368140649974,
    "F1": 0.6259050683829445,
    "MCC": 0.5030573455526147,
    "AUC": 0.7503987742641371
  },
  "kNN": {
    "Accuracy": 0.8379525261901605,
    "Precision": 0.7040498442367601,
    "Recall": 0.6020245071923281,
    "F1": 0.6490522688110282,
    "MCC": 0.5473617510392647,
    "AUC": 0.8859331120251394
  },
  "Naive Bayes": {
    "Accuracy": 0.5647792070017239,
    "Precision": 0.3585665391584457,
    "Recall": 0.9488545551411828,
    "F1": 0.5204558737580363,
    "MCC": 0.35231281814182597,
    "AUC": 0.7784477160332179
  },
  "Random Forest (Ensemble)": {
    "Accuracy": 0.8517438005569553,
    "Precision": 0.7370393504059962,
    "Recall": 0.6286627597229622,
    "F1": 0.6785508913168488,
    "MCC": 0.5861059409018308,
    "AUC": 0.899168429381541
  },
  "XGBoost (Ensemble)": {
    "Accuracy": 0.8659329001458692,
    "Precision": 0.7699501246882793,
    "Recall": 0.6579648375066596,
    "F1": 0.709566216604424,
    "MCC": 0.6263662644131178,
    "AUC": 0.9212519357882665
  }
}